Regiao - Sigla,Valor de Venda - Media
CO,3.722104446656712
N,3.9895221827861578
NE,3.761659882636274
S,3.728424567610063
SE,3.653907681771168
Total,3.7143691006322057
