Regiao - Sigla,Valor de Venda - Media
CO,4.3088630610743195
N,4.405980753809142
NE,4.311974137642611
S,4.183645573068691
SE,4.2772209447427825
Total,4.279539286639033
