Regiao - Sigla,Valor de Venda - Media
CO,2.719394609313703
N,2.7175840763663066
NE,2.676972196813782
S,2.6156272686533724
SE,2.507862279608556
Total,2.58697340313121
