Regiao - Sigla,Valor de Venda - Media
CO,2.8550299504006107
N,2.9463212279805977
NE,2.7285565726926153
S,2.7620973135357416
SE,2.759632667879842
Total,2.7738099286889453
