Regiao - Sigla,Valor de Venda - Media
CO,4.365207057360485
N,4.456905090870443
NE,4.270182925122463
S,4.266721489526764
SE,4.306924372316425
Total,4.3078015216829035
