Regiao - Sigla,Valor de Venda - Media
CO,2.300493005785338
N,2.3614161256665893
NE,2.220301377138738
S,2.2484909542652063
SE,2.110690657966777
Total,2.1784209472818894
