Regiao - Sigla,Valor de Venda - Media
CO,2.6530107388592374
N,2.726756651993956
NE,2.615784927301716
S,2.5143972801852628
SE,2.477495321362766
Total,2.539220243460094
