Regiao - Sigla,Valor de Venda - Media
CO,6.500190962188749
N,6.389316497238453
NE,6.421379613536448
S,6.328289106681337
SE,6.275255031365643
Total,6.337136660146297
