Regiao - Sigla,Valor de Venda - Media
CO,2.703999422299249
N,2.7387439426245397
NE,2.6518575228565893
S,2.643106132600787
SE,2.516620158430584
Total,2.5931373736381023
