Regiao - Sigla,Valor de Venda - Media
CO,2.990292676877287
N,3.096483708626363
NE,2.880335122144707
S,2.8871793144774687
SE,2.852279721694462
Total,2.8899889600799975
