Regiao - Sigla,Valor de Venda - Media
CO,3.7396174368351063
N,3.989883700343034
NE,3.7130574146424324
S,3.7228232436033073
SE,3.6762410698058074
Total,3.716019898069441
