Regiao - Sigla,Valor de Venda - Media
CO,3.3683978743961354
N,3.5451519800214055
NE,3.3083604038414185
S,3.269620749980984
SE,3.247440935026689
Total,3.2905060778638515
