Regiao - Sigla,Valor de Venda - Media
CO,5.509615604026846
N,5.465987386424372
NE,5.469023898748498
S,5.356539212295869
SE,5.382937692138778
Total,5.4101181879412765
