Regiao - Sigla,Valor de Venda - Media
CO,3.7677189395828137
N,3.9862355052147587
NE,3.799331443523768
S,3.7454213540440886
SE,3.6708732960893853
Total,3.736527463087788
