Regiao - Sigla,Valor de Venda - Media
CO,2.12404352663051
N,2.2014680210684725
NE,2.071083087512291
S,2.096665869123101
SE,1.9643828712362927
Total,2.0279251482041247
