Regiao - Sigla,Valor de Venda - Media
CO,2.9709819680577025
N,3.061966469816273
NE,2.8689951124847264
S,2.877451778899421
SE,2.8489737317531434
Total,2.880841618041683
