Regiao - Sigla,Valor de Venda - Media
CO,2.687948566992301
N,2.8281540887264387
NE,2.647620071771495
S,2.6014265883068193
SE,2.548906892573364
Total,2.604925107763245
