Regiao - Sigla,Valor de Venda - Media
CO,2.548156487025948
N,2.636668043980671
NE,2.483072459530026
S,2.515445557232359
SE,2.341180358394672
Total,2.427844091419845
