Regiao - Sigla,Valor de Venda - Media
CO,2.6341059645415053
N,2.742548064165963
NE,2.6290752417450203
S,2.5333458411654135
SE,2.4822095014111003
Total,2.5480629443494722
