Regiao - Sigla,Valor de Venda - Media
CO,4.425033768340338
N,4.5031893803546525
NE,4.475368699738558
S,4.334016327329679
SE,4.397868752437733
Total,4.412005233349965
