Regiao - Sigla,Valor de Venda - Media
CO,2.4392861305614755
N,2.4968281359906213
NE,2.3441405711472183
S,2.385872691915918
SE,2.2268556140290925
Total,2.302126128920362
