Regiao - Sigla,Valor de Venda - Media
CO,2.862226875756996
N,2.9544170079344765
NE,2.7298987180395216
S,2.7558861908627943
SE,2.7495833998475407
Total,2.769025900701407
