Regiao - Sigla,Valor de Venda - Media
CO,3.1242969452343825
N,3.187058761603981
NE,2.9690773213789265
S,3.005900101788571
SE,2.964945449728441
Total,2.9995803335856066
