Regiao - Sigla,Valor de Venda - Media
CO,2.6657762509421925
N,2.6799461045245585
NE,2.611442178042949
S,2.5182356075116132
SE,2.467232675436849
Total,2.530756667860547
