Regiao - Sigla,Valor de Venda - Media
CO,3.1100373540380266
N,3.2388053625278617
NE,3.000041784421348
S,2.9874326616410554
SE,2.978119310362962
Total,3.0105606451409126
