Regiao - Sigla,Valor de Venda - Media
CO,2.859457173515117
N,2.953724941131547
NE,2.737431890328497
S,2.7506636799843323
SE,2.7400951080651783
Total,2.764616856026271
