Regiao - Sigla,Valor de Venda - Media
CO,2.696496059989832
N,2.8207434306087418
NE,2.656122835806697
S,2.5961042979659426
SE,2.5420970541013475
Total,2.6028743941103873
