Regiao - Sigla,Valor de Venda - Media
CO,3.4910424905729793
N,3.720494748548128
NE,3.509166450084085
S,3.410422451043486
SE,3.399019045882509
Total,3.4519404694523956
