Regiao - Sigla,Valor de Venda - Media
CO,4.65441586485494
N,4.715122618808904
NE,4.597374790535559
S,4.5078659320837575
SE,4.570333928173098
Total,4.5822994152269185
