Regiao - Sigla,Valor de Venda - Media
CO,4.445873382987064
N,4.392702127659574
NE,4.438435033096347
S,4.26272743654027
SE,4.296445100289665
Total,4.341810473122311
