Regiao - Sigla,Valor de Venda - Media
CO,2.6707349089500196
N,2.7490789759363126
NE,2.612016760587928
S,2.5570162189019414
SE,2.484547759787544
Total,2.554416751350812
