Regiao - Sigla,Valor de Venda - Media
CO,2.6656929006589585
N,2.7621290099817943
NE,2.6024493405558173
S,2.527461949926946
SE,2.476434057800964
Total,2.5429371327271055
