Regiao - Sigla,Valor de Venda - Media
CO,3.9345313485113835
N,4.080290623465881
NE,3.8536856493231815
S,3.8705196532168697
SE,3.8174600766716056
Total,3.862381320531927
