Regiao - Sigla,Valor de Venda - Media
CO,2.8611586425626387
N,2.9191356126080326
NE,2.737809145596391
S,2.731491375704338
SE,2.7158272521795284
Total,2.7470508996856906
