Regiao - Sigla,Valor de Venda - Media
CO,4.463080987726905
N,4.548382145653876
NE,4.5024019865614955
S,4.2976017757444165
SE,4.413441569747671
Total,4.425179229164785
