Regiao - Sigla,Valor de Venda - Media
CO,2.7072314737718566
N,2.683976389946687
NE,2.6508216798948943
S,2.55298109951099
SE,2.4985290686526174
Total,2.560446560675097
